ticker,longName,logo_url,close_price,total,environmental,social,governance,controversy,minority_pct,primary_school,high_school,hs_diploma,some_college,bsba,income_l15,income_15_25,income_25_50,income_50_75,income_p75,pm25,ozone,nata_dieselpm,nata_cancerrisk,nata_resphi,traffic_prox,lead_paint,rmp_prox,superfund_prox,hazardwaste_prox,waterdischarge_prox,beat0,beat1,beat2,beat3
MMM,3M Company,https://logo.clearbit.com/3m.com,181.49,35.0,13.0,14.0,8.0,3.0,59,12.94,7.66,26.51,28.81,24.07,15.44,11.87,26.06,18.99,27.64,73.0,73.1,77.7,74.5,74.2,81.7,89.5,87.0,82.6,77.4,92.9,0,0,1,1
ADBE,Adobe Inc.,https://logo.clearbit.com/adobe.com,654.48,11.0,0.0,6.0,5.0,1.0,70,12.43,8.44,18.02,22.5,38.62,9.77,7.32,16.17,14.54,52.21,63.1,62.7,65.0,63.4,64.4,89.0,67.4,73.8,77.1,82.4,79.1,1,1,0,0
AFL,Aflac Incorporated,https://logo.clearbit.com/aflac.com,53.99,23.0,2.0,8.0,13.0,2.0,68,8,16,32,28,15,27,18,29,13,13,88.0,84.0,84.2,91.4,92.9,85.3,93.1,93.7,67.2,82.8,91.4,0,0,1,0
A,"Agilent Technologies, Inc.",https://logo.clearbit.com/agilent.com,173.94,17.0,1.0,9.0,6.0,2.0,64,2.83,2.92,11,19.36,63.9,5.32,3.75,10.45,10.57,69.91,79.7,77.9,73.8,77.7,80.2,97.2,84.3,68.7,95.6,92.2,73.4,0,1,0,0
APD,"Air Products and Chemicals, Inc.",https://logo.clearbit.com/airproducts.com,261.83,11.0,6.0,1.0,4.0,1.0,16,2.14,4.34,23.37,23.58,46.57,3.11,5.4,18.74,15.54,57.22,46.5,48.6,37.8,44.7,46.4,20.4,34.3,6.8,32.0,15.3,8.2,0,1,0,1
ALB,Albemarle Corporation,https://logo.clearbit.com/albemarle.com,226.85,37.0,19.0,9.0,9.0,1.0,46,4,10,17,22,46,16,12,23,16,34,43.5,44.3,28.3,37.0,35.8,36.6,15.4,35.4,39.5,10.0,24.1,1,1,1,0
ALL,The Allstate Corporation,https://logo.clearbit.com/allstate.com,131.03,21.0,2.0,8.0,11.0,2.0,34,4.19,3.78,17.32,21.55,53.17,6.59,7.19,17.18,14.53,54.51,81.0,81.8,86.3,81.3,80.7,96.3,76.6,71.7,73.6,85.2,95.9,0,1,1,0
AMZN,"Amazon.com, Inc.",https://logo.clearbit.com/amazon.com,3462.52,31.0,7.0,15.0,10.0,3.0,nan,2.18,1.96,7.13,19.17,69.56,10.57,5.29,14.89,14.14,55.11,42.3,45.5,4.6,31.1,24.8,1.4,42.2,13.0,3.4,1.3,24.9,0,1,0,1
AEE,Ameren Corporation,https://logo.clearbit.com/ameren.com,83.6,29.0,16.0,8.0,6.0,2.0,66,6,14,25,25,30,29,15,25,13,18,88.8,90.5,96.2,90.3,90.6,96.5,79.1,98.9,98.4,95.6,92.2,0,1,0,1
AEP,"American Electric Power Company, Inc.",https://logo.clearbit.com/aep.com,84.1,35.0,20.0,10.0,5.0,2.0,39,2.99,9.52,20.74,21.72,45.04,21.17,11.71,21.82,16.1,29.21,37.9,39.6,11.2,37.1,32.1,2.1,15.1,6.5,26.5,3.7,10.9,0,0,0,1
AMGN,Amgen Inc.,https://logo.clearbit.com/amgen.com,219.38,19.0,0.0,13.0,6.0,2.0,30,3.05,2.83,14.66,31.04,48.42,5,3.73,13.41,11.9,65.96,63.0,63.1,61.9,62.5,63.3,71.6,65.9,68.0,63.2,80.7,81.6,0,0,1,1
ADI,"Analog Devices, Inc.",https://logo.clearbit.com/analog.com,171.52,24.0,9.0,8.0,7.0,0.0,13,1.94,1.85,21.96,22.14,52.12,3.84,5.25,11.07,11.63,68.2,24.3,18.7,13.6,17.2,19.0,1.9,4.9,5.4,0.2,0.8,28.1,0,1,0,1
ATO,Atmos Energy Corporation,https://logo.clearbit.com/atmosenergy.com,89.09,32.0,13.0,12.0,7.0,2.0,44,5.17,4.69,12.97,22.55,54.61,5.97,6.9,21.22,18.42,47.49,70.9,70.9,74.9,71.1,71.2,93.9,62.8,73.4,71.9,70.1,73.4,0,1,0,1
ADSK,"Autodesk, Inc.",https://logo.clearbit.com/autodesk.com,288.15,15.0,1.0,9.0,5.0,0.0,26,4.56,2.11,10.77,23.25,59.31,7.44,5.04,12.73,13.08,61.7,13.4,30.2,36.0,27.8,26.8,8.6,39.8,33.6,22.7,4.7,27.6,0,0,0,1
ADP,"Automatic Data Processing, Inc.",https://logo.clearbit.com/adp.com,198.67,14.0,1.0,7.0,5.0,1.0,24,2.36,2.18,17.6,16.21,61.64,4.05,4.18,9.49,9.07,73.2,18.4,21.1,12.3,18.3,19.2,9.4,2.9,13.1,6.8,6.6,7.0,0,0,1,1
AZO,"AutoZone, Inc.",https://logo.clearbit.com/autozone.com,1592.88,11.0,0.0,7.0,4.0,2.0,76,5.17,11.93,28.83,22.26,31.84,29.35,13.23,22.7,13.19,21.53,36.1,37.6,14.9,31.0,27.7,16.5,10.8,22.7,19.4,19.3,19.2,1,0,1,0
AVY,Avery Dennison Corporation,https://logo.clearbit.com/averydennison.com,214.68,18.0,12.0,2.0,4.0,1.0,45,9.37,5.44,20.36,26.52,38.31,12.49,11.89,18.59,15.87,41.17,64.3,64.4,65.7,64.3,64.6,93.4,72.5,72.6,79.7,80.2,95.2,0,1,1,0
BLL,Ball Corporation,https://logo.clearbit.com/ball.com,92.36,14.0,9.0,1.0,4.0,1.0,22,1.61,2.45,16.27,28.62,51.06,4.92,4.63,15.88,18.63,55.94,34.9,26.4,27.9,35.3,37.2,3.5,48.5,35.6,21.3,18.6,29.4,1,0,0,1
BDX,"Becton, Dickinson and Company",https://logo.clearbit.com/bd.com,261.95,29.0,4.0,16.0,9.0,3.0,12,1.33,1.95,17.85,19.18,59.7,2.17,4.15,8.57,9.37,75.74,32.3,32.4,24.3,31.5,32.5,4.1,19.9,40.6,20.8,15.4,20.6,1,0,0,1
BBY,"Best Buy Co., Inc.",https://logo.clearbit.com/investors.bestbuy.com,109.62,14.0,2.0,7.0,5.0,2.0,34,4.94,5.46,20.57,30.82,38.23,7.8,6.96,23.25,18.67,43.33,84.7,85.5,87.7,84.5,84.8,98.2,87.1,82.2,89.2,87.5,73.4,0,0,1,1
BIO,"Bio-Rad Laboratories, Inc.",https://logo.clearbit.com/bio-rad.com,788.35,21.0,1.0,12.0,7.0,2.0,72,5.37,5.13,19.44,35.96,34.1,5.2,4.86,14.86,15.09,59.99,91.4,83.0,86.3,87.0,88.2,91.1,65.3,90.3,84.3,91.3,73.4,0,1,0,0
BIIB,Biogen Inc.,https://logo.clearbit.com/biogen.com,300.19,21.0,0.0,13.0,8.0,2.0,39,5.95,4.33,12.64,11.65,65.43,15.12,6.76,13.59,12.8,51.73,63.8,64.5,73.8,65.3,68.0,73.8,81.0,87.5,68.3,95.2,85.4,0,1,0,1
BA,The Boeing Company,https://logo.clearbit.com/boeing.com,213.24,36.0,8.0,20.0,8.0,4.0,44,3.84,3.15,8.59,13.57,70.86,11.53,5.64,11.27,12.9,58.66,29.5,30.8,0.6,18.2,10.7,0.0,18.5,2.2,34.9,0.5,0.3,0,0,1,1
BWA,BorgWarner Inc.,https://logo.clearbit.com/borgwarner.com,42.92,13.0,3.0,4.0,7.0,2.0,36,2,6,21,28,43,13,9,21,17,40,54.7,54.9,48.9,55.3,55.4,21.2,35.6,53.1,47.8,36.8,31.3,0,0,1,1
BXP,"Boston Properties, Inc.",https://logo.clearbit.com/bostonproperties.com,109.99,14.0,4.0,5.0,5.0,1.0,45,6.19,4.78,14.08,12.97,61.99,17.64,7.41,13.78,12.09,49.09,40.3,38.6,9.7,30.3,27.1,0.0,41.5,5.9,31.8,0.4,16.4,0,1,0,1
BSX,Boston Scientific Corporation,https://logo.clearbit.com/bostonscientific.com,44.37,29.0,3.0,15.0,10.0,2.0,21,4.65,3.43,27.74,23.82,40.36,5,6.8,17.8,16.54,53.86,21.5,15.2,10.5,14.1,16.7,8.6,0.4,7.8,12.8,3.1,23.8,0,1,1,0
CPB,Campbell Soup Company,https://logo.clearbit.com/campbellsoupcompany.com,43.19,22.0,10.0,8.0,5.0,2.0,57,7.96,9.64,26.24,18.99,37.18,16.01,10.11,20.74,15.5,37.63,87.6,87.5,92.2,86.6,87.4,96.3,97.4,94.6,99.4,94.4,89.8,0,0,1,1
CAH,"Cardinal Health, Inc.",https://logo.clearbit.com/cardinalhealth.com,52.57,12.0,2.0,5.0,4.0,3.0,24,1,2,13,24,60,6,6,18,20,51,18.1,20.2,13.2,23.1,22.7,3.9,62.8,34.1,28.8,10.8,9.4,0,0,1,1
CAT,Caterpillar Inc.,https://logo.clearbit.com/caterpillar.com,199.75,34.0,7.0,18.0,9.0,4.0,12,1.02,1.27,9.4,16.19,72.12,4.15,3.58,11.3,10.11,70.85,5.1,4.6,1.8,4.2,5.7,2.6,9.4,13.3,17.0,3.8,1.9,0,0,1,1
CNC,Centene Corporation,https://logo.clearbit.com/centene.com,64.64,22.0,0.0,16.0,7.0,2.0,40,1.29,4.19,13.47,21.9,59.14,11.54,8.69,20.74,15.68,43.34,28.1,28.3,7.2,23.9,22.4,7.0,11.4,8.4,24.6,5.7,14.5,0,1,0,1
CNP,"CenterPoint Energy, Inc.",https://logo.clearbit.com/centerpointenergy.com,24.43,35.0,18.0,12.0,6.0,2.0,66,14,12,19,19,37,20,12,22,14,32,77.3,73.8,88.1,78.7,78.8,90.5,79.9,90.2,94.9,85.2,96.7,0,1,0,1
CERN,Cerner Corporation,https://logo.clearbit.com/cerner.com,75.04,20.0,0.0,13.0,7.0,2.0,28,6.16,8.33,37.95,30.14,17.45,11.72,11.66,29.16,21.09,26.36,60.1,60.2,62.0,59.9,59.9,60.7,66.2,62.5,69.8,67.2,84.2,0,1,0,1
SCHW,The Charles Schwab Corporation,https://logo.clearbit.com/schwab.com,70.43,24.0,2.0,10.0,12.0,2.0,17,1.48,2.47,14.71,25.87,55.49,3.54,2.69,8.75,11.67,73.35,36.4,36.6,26.5,34.6,33.4,9.2,37.8,7.6,41.3,23.4,20.6,0,1,1,0
CMG,"Chipotle Mexican Grill, Inc.",https://logo.clearbit.com/chipotle.com,1909.02,24.0,5.0,14.0,5.0,3.0,32,1,2,9,24,64,10,6,14,15,55,6.1,9.7,10.1,10.0,8.8,1.1,62.8,7.6,13.7,3.5,1.1,0,0,1,0
CINF,Cincinnati Financial Corporation,https://logo.clearbit.com/cinfin.com,116.45,24.0,2.0,9.0,14.0,1.0,44,3.23,6.02,32.01,30.58,28.15,7.77,9.32,24.23,23.17,35.52,30.1,32.2,21.8,32.7,32.3,38.5,62.8,1.8,22.2,6.4,5.8,0,1,1,0
CSCO,"Cisco Systems, Inc.",https://logo.clearbit.com/cisco.com,56.85,11.0,0.0,6.0,6.0,2.0,nan,3.97,5.11,13.42,18.59,58.91,5.13,3.2,9.04,8.11,74.51,66.9,65.8,67.8,66.2,67.5,59.1,62.8,58.2,58.2,58.2,73.4,0,1,1,0
C,Citigroup Inc.,https://logo.clearbit.com/citigroup.com,69.96,25.0,2.0,11.0,13.0,4.0,45,5.84,4.94,11.19,11.62,66.4,12.36,6.65,12.33,10.29,58.36,30.6,34.4,0.8,22.3,14.6,0.7,2.7,29.5,10.1,0.1,11.0,0,0,1,1
CLX,The Clorox Company,https://logo.clearbit.com/thecloroxcompany.com,166.09,22.0,8.0,8.0,6.0,2.0,67,7.45,5.99,12.77,23.28,50.5,12.79,8.07,16.18,14.41,48.55,90.9,80.7,93.1,84.6,87.3,99.8,81.0,90.9,97.9,95.8,73.4,0,0,0,1
CMS,CMS Energy Corporation,https://logo.clearbit.com/cmsenergy.com,61.66,24.0,12.0,7.0,5.0,2.0,26,2.84,10.49,33.83,35.32,17.52,18.64,15.85,29.56,18,17.95,70.2,71.9,68.8,68.6,67.4,85.7,88.5,71.4,69.9,72.2,89.0,0,0,0,1
KO,The Coca-Cola Company,https://logo.clearbit.com/coca-colacompany.com,54.44,25.0,9.0,11.0,5.0,3.0,56,1.78,5.58,13.94,19.21,59.48,15.73,8.65,17.96,15.81,41.85,94.1,93.4,97.2,97.3,96.4,97.8,80.7,91.3,71.7,95.3,73.4,0,1,0,1
CL,Colgate-Palmolive Company,https://logo.clearbit.com/colgatepalmolive.com,76.23,21.0,7.0,9.0,5.0,3.0,53,6.52,8.02,30.37,23.09,31.99,15.7,8.05,17.09,14.45,44.72,72.1,71.3,83.7,72.2,73.6,78.5,87.4,90.3,83.6,92.2,73.4,0,1,0,1
CMCSA,Comcast Corporation,https://logo.clearbit.com/corporate.comcast.com,57.11,25.0,5.0,12.0,8.0,2.0,59,5.01,9.25,25.88,17.26,42.6,20.53,10.57,19.54,15.1,34.26,10.8,13.5,1.9,8.1,7.2,0.2,13.0,5.0,5.2,0.9,0.0,0,0,1,1
ED,"Consolidated Edison, Inc.",https://logo.clearbit.com/conedison.com,73.07,25.0,5.0,14.0,7.0,3.0,40,5.12,4.31,10.76,11.61,68.19,11.75,6.74,11.58,10.26,59.67,30.2,33.6,0.9,19.2,11.8,1.4,12.7,17.8,11.5,0.0,1.0,0,0,0,1
GLW,Corning Incorporated,https://logo.clearbit.com/corning.com,38.39,20.0,8.0,5.0,7.0,2.0,9,1.93,5.55,28.79,29.73,34.03,13.23,10.33,24.11,19.2,33.14,39.6,36.0,31.3,40.8,41.3,5.1,6.7,48.1,31.0,6.0,18.2,0,0,1,1
COST,Costco Wholesale Corporation,https://logo.clearbit.com/costco.com,459.51,23.0,6.0,11.0,6.0,3.0,29,2,1.76,9.46,20.58,66.21,5.08,3.42,9.97,11.45,70.08,36.6,38.1,23.0,31.4,29.2,14.0,49.4,48.4,24.5,30.3,73.4,1,1,0,0
CSX,CSX Corporation,https://logo.clearbit.com/csx.com,30.31,18.0,6.0,9.0,4.0,3.0,68,5.25,12.88,31.71,26.33,23.84,24.65,14.34,26.46,14.27,20.28,84.1,81.9,92.6,86.6,90.2,94.9,93.4,97.7,97.8,77.9,94.8,0,0,0,1
CMI,Cummins Inc.,https://logo.clearbit.com/cummins.com,227.69,19.0,6.0,8.0,6.0,2.0,16,4,8,34,26,28,15,13,28,18,27,59.4,59.5,60.1,59.2,59.1,66.8,69.0,66.0,65.3,62.0,74.7,0,0,1,1
CVS,CVS Health Corporation,https://logo.clearbit.com/cvshealth.com,85.51,23.0,0.0,16.0,6.0,3.0,21,9,13,33,26,19,18,11,23,18,30,37.0,31.9,25.6,32.6,34.6,15.1,6.6,1.9,14.0,5.0,11.7,0,1,1,0
DE,Deere & Company,https://logo.clearbit.com/deere.com,349.09,17.0,4.0,9.0,4.0,2.0,22,3.8,6.37,29.5,35.5,24.83,12.18,10.2,26.73,19.81,31.07,41.8,42.0,40.4,45.1,43.4,24.3,28.6,34.4,45.7,34.9,10.2,0,0,1,0
DVN,Devon Energy Corporation,https://logo.clearbit.com/devonenergy.com,29.79,32.0,16.0,8.0,8.0,2.0,66,12.96,12.84,26.05,24.83,23.31,23.51,12.5,27.53,15.49,20.97,61.5,61.9,66.7,61.7,62.0,69.4,73.1,65.0,64.5,68.7,76.6,1,1,1,0
DXCM,"DexCom, Inc.",https://logo.clearbit.com/dexcom.com,563.14,27.0,6.0,13.0,8.0,2.0,59,2.82,2.54,9.89,21.54,63.19,7.59,3.53,11.27,11.03,66.57,29.3,32.5,31.6,29.1,28.9,24.3,62.8,42.6,43.7,1.0,22.3,1,1,0,0
DISH,DISH Network Corporation,https://logo.clearbit.com/dish.com,42.48,23.0,2.0,11.0,10.0,3.0,19,.84,1.46,10.53,25.08,62.1,3.24,3,11.12,14.76,67.87,51.3,47.4,38.3,51.7,50.5,11.0,51.2,49.8,43.5,38.7,19.7,0,1,0,1
DLTR,"Dollar Tree, Inc.",https://logo.clearbit.com/dollartree.com,89.31,18.0,3.0,9.0,6.0,2.0,50,2.36,5.41,23.25,34.62,34.36,7.91,7.19,19.9,20.41,44.59,40.8,39.5,33.1,38.8,39.0,18.5,44.6,25.0,20.2,14.6,73.4,0,0,0,1
D,"Dominion Energy, Inc.",https://logo.clearbit.com/dominionenergy.com,74.12,28.0,13.0,9.0,6.0,2.0,64,3.82,10.47,21.94,24.45,39.33,22.4,10.84,24.18,15.94,26.64,65.8,66.0,69.4,67.0,67.0,87.1,81.2,80.5,70.6,79.4,87.7,0,0,0,1
DPZ,"Domino's Pizza, Inc.",https://logo.clearbit.com/dominos.com,503.54,27.0,5.0,15.0,7.0,2.0,41,.59,1.86,5.38,11.05,81.15,14.48,7.11,17.38,12.77,48.26,44.4,44.4,35.9,46.5,46.5,6.9,45.5,48.2,40.1,26.2,13.0,0,1,0,0
DUK,Duke Energy Corporation,https://logo.clearbit.com/duke-energy.com,99.67,29.0,15.0,8.0,5.0,3.0,55,2.94,7.58,14.63,22.5,52.35,14.18,8.8,19,15.22,42.8,21.9,23.0,4.3,12.8,11.4,1.5,40.6,19.5,26.6,1.3,12.7,0,1,0,1
DRE,Duke Realty Corporation,https://logo.clearbit.com/dukerealty.com,49.43,13.0,5.0,4.0,5.0,0.0,20,1,3,16,24,56,8,8,26,19,39,19.0,21.0,5.8,21.4,19.7,2.1,17.6,16.8,14.0,9.6,5.6,0,1,0,0
DD,"DuPont de Nemours, Inc.",https://logo.clearbit.com/dupont.com,68.91,30.0,14.0,9.0,7.0,3.0,62,4.92,9.3,37.54,22.41,25.83,17.32,11.3,24.29,16.55,30.53,72.8,73.1,75.9,76.2,71.6,93.9,83.5,77.8,93.0,87.7,82.4,0,0,1,1
EBAY,eBay Inc.,https://logo.clearbit.com/ebayinc.com,74.11,17.0,1.0,9.0,6.0,2.0,51,7,7,18,28,40,8,8,18,16,50,43.5,45.7,39.1,40.7,36.2,3.3,14.1,43.6,21.0,7.5,73.4,0,1,1,0
ECL,Ecolab Inc.,https://logo.clearbit.com/ecolab.com,218.34,24.0,9.0,8.0,6.0,2.0,53,9.82,6.72,23.27,27.5,32.68,15.21,10.82,23.93,17.95,32.1,53.2,53.4,39.5,51.3,50.7,7.2,27.3,18.7,33.3,22.4,6.4,1,0,0,1
EW,Edwards Lifesciences Corporation,https://logo.clearbit.com/edwards.com,119.42,19.0,2.0,9.0,8.0,2.0,77,14.62,8.81,17.64,23.05,35.9,8.64,5.75,16.69,17.04,51.87,91.9,90.3,87.1,90.1,90.2,94.0,62.8,92.4,86.9,98.2,96.6,0,1,0,0
EA,Electronic Arts Inc.,https://logo.clearbit.com/ea.com,133.88,12.0,0.0,7.0,5.0,2.0,45,2,3,13,27,55,5,4,13,14,63,74.1,69.4,69.4,70.1,70.8,72.5,70.1,74.1,75.2,87.2,99.8,0,1,0,1
LLY,Eli Lilly and Company,https://logo.clearbit.com/lilly.com,230.1,29.0,2.0,17.0,10.0,2.0,35,7.1,16.32,28,19.91,28.67,23.38,13.59,26.72,15.95,20.36,58.7,58.7,59.4,58.5,58.6,67.3,65.2,68.6,61.5,64.0,87.4,0,1,1,0
ETR,Entergy Corporation,https://logo.clearbit.com/entergy.com,111.04,34.0,19.0,8.0,7.0,2.0,61,4.41,10.54,20.9,23,41.14,22.74,12.08,22.73,14.1,28.35,69.0,67.7,85.1,71.7,72.4,94.2,84.1,87.5,80.3,86.8,89.2,0,1,0,1
EOG,"EOG Resources, Inc.",https://logo.clearbit.com/eogresources.com,74.25,39.0,20.0,11.0,8.0,1.0,60,6.67,6.09,13.52,18.85,54.87,12.39,7.7,15.71,14.2,49.99,29.0,37.5,6.3,24.0,22.4,4.7,4.9,3.1,3.1,3.3,2.4,0,1,1,0
ES,Eversource Energy,https://logo.clearbit.com/eversource.com,83.3,22.0,6.0,10.0,6.0,2.0,nan,7.95,11.9,33.34,28.87,17.94,19.99,14.59,25.49,15.01,24.93,89.8,94.2,90.6,92.4,90.9,87.6,97.0,98.1,85.8,94.3,73.4,0,0,0,1
FAST,Fastenal Company,https://logo.clearbit.com/fastenal.com,52.96,25.0,9.0,9.0,7.0,2.0,8,2.52,4.89,27.2,35.04,30.36,14.64,12.05,29.55,19.74,24.02,41.9,41.5,39.1,45.2,46.2,31.4,7.7,16.4,41.3,24.1,11.5,0,0,0,1
FMC,FMC Corporation,https://logo.clearbit.com/fmc.com,95.19,39.0,18.0,14.0,7.0,2.0,62,4.62,9.06,26.69,18.26,41.37,20.64,11.09,19.8,15.24,33.23,56.0,56.3,50.2,55.5,55.6,19.9,62.8,48.7,48.0,16.3,0.4,0,1,0,1
F,Ford Motor Company,https://logo.clearbit.com/ford.com,13.55,31.0,9.0,12.0,10.0,3.0,40,11.52,10.86,27.99,29.52,20.12,22.16,15.33,25.75,14.5,22.27,58.9,58.8,59.4,58.6,58.6,66.6,62.8,59.7,59.0,63.0,80.2,0,1,1,0
FCX,Freeport-McMoRan Inc.,https://logo.clearbit.com/fcx.com,33.05,34.0,18.0,11.0,5.0,4.0,70,15.07,11.98,20.97,25.53,26.44,22.03,12.64,26.45,15.53,23.35,85.1,90.0,94.8,90.4,91.8,89.4,89.8,95.0,86.8,93.7,73.4,0,0,1,0
GPS,"The Gap, Inc.",https://logo.clearbit.com/gapinc.com,24.35,15.0,1.0,8.0,6.0,3.0,51,6.79,4.26,10.9,16.23,61.8,14.19,7.67,11.9,8.8,57.44,67.4,63.3,83.7,67.5,69.8,94.4,63.7,66.0,77.2,89.6,73.4,0,0,1,1
GE,General Electric Company,https://logo.clearbit.com/ge.com,100.47,43.0,16.0,16.0,12.0,3.0,47,8.4,5.7,16.48,13.62,55.79,17.46,7.71,13.89,11.84,49.11,5.9,4.6,0.1,2.7,2.0,0.1,2.0,1.1,11.4,0.2,17.1,0,0,1,0
GIS,"General Mills, Inc.",https://logo.clearbit.com/generalmills.com,58.92,21.0,8.0,9.0,4.0,2.0,20,1.09,2.36,15.39,26.06,55.09,6.88,7.38,20,15.97,49.77,15.1,16.6,6.2,13.8,13.5,2.0,4.2,5.8,1.8,8.7,19.4,0,0,0,1
GM,General Motors Company,https://logo.clearbit.com/gm.com,51.33,31.0,10.0,13.0,8.0,4.0,85,4.59,11.9,23.59,28,31.92,34.63,13.48,22.14,11.84,17.91,64.4,64.0,70.1,64.2,63.5,90.2,78.1,67.8,64.9,71.2,79.8,0,0,1,0
GILD,"Gilead Sciences, Inc.",https://logo.clearbit.com/gilead.com,71.61,22.0,0.0,14.0,8.0,2.0,56,5,5,15,27,48,6,5,14,16,59,66.8,63.9,67.7,65.0,65.5,84.4,63.8,67.7,67.6,85.4,98.1,0,0,1,0
HAL,Halliburton Company,https://logo.clearbit.com/halliburton.com,20.27,24.0,8.0,10.0,7.0,2.0,89,24.63,18.8,28.36,20.51,7.71,18.62,14.06,29.22,17.77,20.34,91.5,89.0,90.5,92.5,89.9,94.6,75.7,74.7,85.8,80.5,93.6,0,0,1,1
HBI,Hanesbrands Inc.,https://logo.clearbit.com/hanes.com,19.0,14.0,1.0,7.0,5.0,2.0,61,7.31,8.33,30.49,28.3,25.58,17.19,14.52,32.5,16.78,19.02,73.1,74.7,70.9,74.3,73.3,76.4,75.4,70.1,69.0,83.9,73.4,0,0,1,0
HAS,"Hasbro, Inc.",https://logo.clearbit.com/hasbro.com,97.53,10.0,0.0,5.0,5.0,2.0,39,12,12,29,23,24,16,12,26,17,28,62.7,63.7,66.5,63.2,62.9,69.0,77.7,77.5,71.5,72.7,86.1,0,0,0,1
HSIC,"Henry Schein, Inc.",https://logo.clearbit.com/henryschein.com,77.47,13.0,2.0,6.0,6.0,2.0,30,2.78,2.96,20.88,23.14,50.25,4.85,5.41,12.19,12.49,65.07,19.1,14.5,4.7,15.3,13.9,2.1,35.6,35.1,0.1,0.8,73.4,0,1,0,1
HES,Hess Corporation,https://logo.clearbit.com/hess.com,71.34,30.0,16.0,6.0,7.0,2.0,40,4.68,3.75,11.11,11.95,68.51,10.63,6.53,12.27,11.33,59.23,55.8,56.0,31.9,54.3,52.6,24.4,42.7,53.3,42.4,0.4,2.4,0,1,1,0
HOLX,"Hologic, Inc.",https://logo.clearbit.com/hologic.com,77.63,30.0,4.0,14.0,12.0,2.0,25,4.31,3.02,24.72,21.93,46.02,4.62,5.35,17.28,17.19,55.55,44.2,39.6,33.7,35.8,40.0,4.6,48.1,3.4,22.3,3.7,16.9,0,0,0,1
HD,"The Home Depot, Inc.",https://logo.clearbit.com/homedepot.com,335.67,11.0,3.0,5.0,4.0,2.0,48,1.48,2.14,11.65,21.11,63.62,5.93,5.47,17.29,19.53,51.77,19.1,24.4,5.8,7.9,9.3,3.4,62.8,2.9,46.1,7.4,18.0,0,1,1,0
HPQ,HP Inc.,https://logo.clearbit.com/www8.hp.com,27.68,10.0,0.0,5.0,5.0,2.0,42,2.07,1.57,5.42,10.77,80.16,7.4,4.52,9.24,8.68,70.17,39.0,45.4,46.8,42.4,38.2,14.7,18.6,42.9,1.4,2.9,13.0,0,0,1,1
HUM,Humana Inc.,https://logo.clearbit.com/humana.com,407.79,23.0,0.0,17.0,5.0,2.0,50,4.33,12.01,30.87,30.9,21.91,27.05,15.8,26.62,13.5,17.02,82.1,82.2,88.6,84.3,84.0,94.4,87.7,96.4,76.4,94.0,92.4,0,0,0,1
IDXX,"IDEXX Laboratories, Inc.",https://logo.clearbit.com/idexx.com,661.71,21.0,4.0,7.0,10.0,0.0,10,2.2,4.52,29.97,29.26,34.08,13.47,9.54,21.08,19.11,36.79,40.8,42.2,34.5,40.1,41.0,32.0,32.9,9.8,23.3,11.9,39.2,1,1,0,0
ITW,Illinois Tool Works Inc.,https://logo.clearbit.com/itw.com,215.89,20.0,4.0,9.0,6.0,2.0,34,6,5,21,24,45,8,9,21,17,46,29.3,29.7,11.0,25.6,26.1,17.0,11.1,4.1,39.5,5.8,3.6,0,0,1,1
INCY,Incyte Corporation,https://logo.clearbit.com/incyte.com,75.99,26.0,0.0,18.0,8.0,1.0,57,3.81,7.55,33.33,21.48,33.83,16.49,10.46,21.57,15.8,35.68,24.0,26.1,22.3,22.3,27.0,3.1,18.3,28.8,10.7,3.4,6.7,0,0,0,1
INTC,Intel Corporation,https://logo.clearbit.com/intel.com,54.26,17.0,4.0,6.0,7.0,3.0,nan,4.14,4.95,12.71,18.91,59.3,5.09,4.31,11.38,10.28,68.94,86.6,84.4,84.2,85.6,87.7,88.8,81.4,93.2,99.5,98.6,81.9,0,0,1,1
INTU,Intuit Inc.,https://logo.clearbit.com/intuit.com,561.85,17.0,1.0,10.0,6.0,2.0,52,5,3,10,17,65,7,6,14,14,59,66.1,64.3,64.7,64.8,66.3,74.8,64.6,64.2,98.9,81.1,94.8,0,1,0,0
ISRG,"Intuitive Surgical, Inc.",https://logo.clearbit.com/intuitive.com,1037.27,30.0,5.0,14.0,11.0,1.0,67,5,5,14,24,51,6,6,15,15,58,60.7,60.3,61.5,60.5,61.0,83.8,62.8,71.1,95.2,82.7,80.4,1,1,0,0
IPGP,IPG Photonics Corporation,https://logo.clearbit.com/ipgphotonics.com,166.57,12.0,3.0,4.0,5.0,0.0,11,3.45,6.63,36.48,29.72,23.73,9.43,11.51,23.38,18.84,36.84,22.8,15.0,27.1,20.3,24.0,23.1,8.7,21.6,19.9,19.8,23.1,0,0,0,1
JPM,JPMorgan Chase & Co.,https://logo.clearbit.com/jpmorganchase.com,157.68,28.0,1.0,16.0,11.0,3.0,39,4.49,3.73,10.79,11.97,69.02,10.72,6.46,12.22,11.34,59.26,57.0,57.1,41.2,56.0,55.2,29.9,41.1,55.3,48.9,0.6,2.7,0,0,1,0
JNPR,"Juniper Networks, Inc.",https://logo.clearbit.com/juniper.net,27.9,17.0,0.0,9.0,7.0,2.0,67,4.64,4.71,11.69,18.19,60.77,4.64,4.06,10.23,9.86,71.21,78.2,75.3,72.8,75.3,77.3,83.1,83.9,86.4,98.2,90.4,95.9,0,1,1,0
KSU,Kansas City Southern,https://logo.clearbit.com/kcsouthern.com,277.46,24.0,9.0,10.0,4.0,2.0,70,9.6,11.37,26.22,24.28,28.55,24.64,14.17,25.3,16.41,19.48,25.1,25.4,4.7,22.8,19.1,1.9,2.2,0.7,9.8,1.2,11.6,0,1,1,0
KEYS,"Keysight Technologies, Inc.",https://logo.clearbit.com/keysight.com,177.45,9.0,2.0,2.0,5.0,1.0,35,5.68,6.29,17.8,34.95,35.26,10.42,6.52,18.47,17.27,47.32,13.0,22.2,29.2,16.7,13.2,13.1,19.7,34.9,39.1,1.7,73.4,0,1,1,0
KMI,"Kinder Morgan, Inc.",https://logo.clearbit.com/kindermorgan.com,15.96,18.0,9.0,6.0,4.0,2.0,62,7.31,6.42,14.15,19.24,52.88,13,8.1,16.24,14.4,48.27,29.0,37.5,6.3,24.0,22.4,4.7,4.9,3.1,3.1,3.3,2.4,0,1,1,1
LEG,"Leggett & Platt, Incorporated",https://logo.clearbit.com/leggett.com,46.16,49.0,20.0,17.0,11.0,2.0,28,13.48,11.06,32.31,24.9,18.24,12.84,11.64,37.39,16.76,21.36,46.8,47.1,44.7,46.6,45.8,35.3,30.7,7.3,32.8,37.0,18.2,0,0,1,1
LEN,Lennar Corporation,https://logo.clearbit.com/lennar.com,101.28,25.0,10.0,9.0,6.0,2.0,93,8.48,10.56,28.35,22.84,29.77,13.22,10.04,26.14,19.83,30.77,97.6,94.8,99.1,97.9,98.3,99.4,62.8,81.8,95.3,84.1,73.4,0,0,1,0
LMT,Lockheed Martin Corporation,https://logo.clearbit.com/lockheedmartin.com,340.98,29.0,5.0,16.0,7.0,3.0,34,2,2,10,14,72,4,3,12,13,68,56.6,56.5,49.3,55.9,55.8,13.6,62.8,57.0,55.2,43.5,73.4,0,1,0,1
LOW,"Lowe's Companies, Inc.",https://logo.clearbit.com/lowes.com,209.03,12.0,4.0,5.0,3.0,2.0,16,2.78,3.51,19.03,31.15,43.52,6.31,6.12,17.9,20.66,49,30.9,31.4,25.6,24.8,21.7,8.3,36.1,32.3,32.9,27.3,27.4,1,1,1,0
MPC,Marathon Petroleum Corporation,https://logo.clearbit.com/marathonpetroleum.com,58.86,28.0,15.0,7.0,6.0,3.0,12,2,10,37,30,22,15,13,30,20,21,22.7,23.3,25.8,29.8,31.5,6.2,7.9,6.1,44.2,13.0,26.9,0,1,1,0
MA,Mastercard Incorporated,https://logo.clearbit.com/mastercard.com,343.04,17.0,0.0,8.0,9.0,4.0,40,8.74,5.28,19.17,17.29,49.52,7.41,6.54,12.71,13.03,60.31,34.6,32.2,19.4,31.5,31.0,12.0,62.8,38.0,31.6,22.3,33.8,0,0,1,1
MKC,"McCormick & Company, Incorporated",https://logo.clearbit.com/mccormickcorporation.com,86.27,28.0,9.0,14.0,5.0,2.0,29,3,2.8,17.41,23.74,53.07,6.82,5.65,19.41,19.45,48.67,34.7,34.4,22.1,35.1,34.9,10.7,26.3,37.1,36.6,2.7,39.5,0,0,0,1
MRK,"Merck & Co., Inc.",https://logo.clearbit.com/merck.com,71.68,22.0,1.0,11.0,10.0,3.0,59,6.65,5.91,30.59,25.54,31.31,7.72,7.65,18.32,17.22,49.09,7.1,9.5,1.2,6.9,6.1,0.1,0.1,18.6,6.2,1.0,24.3,0,0,0,1
MGM,MGM Resorts International,https://logo.clearbit.com/mgmresorts.com,41.54,28.0,3.0,13.0,12.0,2.0,66,13,14,32,26,14,18,17,32,18,16,58.2,58.1,56.3,57.8,57.8,46.0,51.6,57.9,58.2,48.0,23.0,0,0,1,0
MU,"Micron Technology, Inc.",https://logo.clearbit.com/micron.com,74.3,18.0,7.0,4.0,6.0,2.0,15,.61,3.16,16.26,29.9,50.15,6,4.53,16,16.96,56.51,4.4,2.2,24.4,4.0,2.4,12.3,44.3,2.1,28.4,8.7,11.7,0,0,1,1
MSFT,Microsoft Corporation,https://logo.clearbit.com/microsoft.com,299.87,13.0,0.0,8.0,5.0,3.0,43,3,3,12,24,58,7,5,17,17,53,78.1,77.4,86.6,82.9,83.5,88.5,62.8,82.3,80.8,85.0,73.4,1,1,1,0
MHK,"Mohawk Industries, Inc.",https://logo.clearbit.com/mohawkind.com,181.82,14.0,5.0,4.0,4.0,2.0,27,10.98,12.38,34.15,28.62,13.78,11.77,9.94,35.36,17.7,25.23,95.2,94.4,88.2,96.0,95.7,88.0,79.9,92.4,77.0,85.2,80.6,0,0,1,0
MS,Morgan Stanley,https://logo.clearbit.com/morganstanley.com,101.75,23.0,1.0,12.0,10.0,3.0,41,4.76,3.74,11.4,12.11,67.99,10.65,6.59,12.31,11.43,59.03,56.5,56.7,34.8,55.2,53.8,22.3,49.8,55.1,44.9,0.5,20.9,1,0,1,0
NWL,Newell Brands Inc.,https://logo.clearbit.com/newellbrands.com,24.81,16.0,6.0,5.0,4.0,2.0,39,2,2,12,20,65,8,7,21,17,47,59.2,59.1,59.7,59.2,59.2,66.2,62.9,58.9,58.5,61.5,78.6,0,0,1,0
NKE,"NIKE, Inc.",https://logo.clearbit.com/nike.com,156.42,15.0,2.0,6.0,7.0,3.0,33,4.93,4.55,16.97,29.53,44.02,7.1,6.77,20.21,18.91,47.02,78.3,74.9,80.9,77.8,78.6,89.1,77.1,69.1,80.0,82.9,88.9,1,0,0,1
NSC,Norfolk Southern Corporation,https://logo.clearbit.com/norfolksouthern.com,246.04,24.0,9.0,12.0,3.0,2.0,69,3.98,11.69,26.37,32.5,25.45,20.24,13.13,24.23,16.63,25.77,18.7,17.5,5.9,15.9,14.3,1.0,11.3,5.3,0.4,2.2,9.4,0,0,1,1
NOC,Northrop Grumman Corporation,https://logo.clearbit.com/northropgrumman.com,350.24,30.0,9.0,17.0,5.0,3.0,50,6.21,3.97,12.65,16.89,60.29,5.38,2.9,11.12,12.01,68.59,41.7,42.3,16.6,38.0,34.9,1.8,62.8,50.1,38.4,13.1,73.4,0,1,1,1
NRG,"NRG Energy, Inc.",https://logo.clearbit.com/nrg.com,42.08,32.0,17.0,9.0,6.0,2.0,44,2,2,7,12,77,7,5,11,13,65,83.8,85.1,87.1,82.8,82.6,73.7,79.3,70.1,86.5,80.0,88.9,1,0,1,0
ORLY,"O'Reilly Automotive, Inc.",https://logo.clearbit.com/oreillyauto.com,599.34,13.0,0.0,9.0,4.0,1.0,14,2.06,6.44,27.24,33.31,30.95,23.82,13.98,28.26,14.84,19.09,76.3,77.3,76.2,76.6,76.4,77.3,81.7,92.7,81.4,85.6,90.2,1,1,1,0
OKE,"ONEOK, Inc.",https://logo.clearbit.com/oneok.com,55.17,25.0,14.0,8.0,3.0,1.0,49,5.1,8.72,23.87,28.76,33.57,21.37,13.45,24.07,15.82,25.29,54.5,54.9,49.0,53.7,53.6,19.0,41.4,17.5,53.7,13.8,14.9,0,1,1,0
ORCL,Oracle Corporation,https://logo.clearbit.com/oracle.com,86.39,18.0,0.0,11.0,7.0,2.0,65,8.92,6.51,17.15,21.08,46.34,14.47,9.44,22.11,17.65,36.34,81.2,79.6,83.4,79.7,79.1,73.7,62.8,89.6,67.1,83.7,78.9,1,1,1,0
PAYX,"Paychex, Inc.",https://logo.clearbit.com/paychex.com,108.78,17.0,1.0,10.0,6.0,0.0,9,2,4,19,26,50,7,9,22,19,43,52.6,51.4,44.5,52.5,52.8,19.2,41.0,50.6,50.7,49.2,73.4,0,1,0,1
PEP,"PepsiCo, Inc.",https://logo.clearbit.com/pepsico.com,154.13,17.0,5.0,8.0,5.0,3.0,36,8.84,5.34,19.8,17.41,48.63,5,5.53,11.35,13,65.12,40.2,38.2,24.5,37.2,36.7,15.9,28.9,41.1,36.0,27.1,32.9,0,1,0,1
PKI,"PerkinElmer, Inc.",https://logo.clearbit.com/perkinelmer.com,187.56,18.0,1.0,11.0,6.0,2.0,28,2.3,1.89,15.49,16.88,63.45,7.47,4.32,11.34,13.1,63.77,42.5,39.4,30.5,37.5,38.5,4.1,18.5,41.0,24.0,7.4,25.1,1,1,0,0
PFE,Pfizer Inc.,https://logo.clearbit.com/pfizer.com,43.89,25.0,2.0,13.0,10.0,3.0,75,6.59,8.26,27.15,22.44,35.56,16.34,9.24,20.19,15.26,38.98,71.8,71.4,88.4,74.9,77.4,78.6,87.8,68.2,83.3,98.1,73.4,1,1,0,1
PSX,Phillips 66,https://logo.clearbit.com/phillips66.com,66.02,33.0,19.0,8.0,6.0,3.0,70,12.37,6.72,18.84,23.8,38.26,14.16,13.29,27.37,14.75,30.43,80.2,76.7,86.4,81.3,79.6,82.6,62.8,77.2,94.9,77.5,92.7,0,1,1,1
PXD,Pioneer Natural Resources Company,https://logo.clearbit.com/pxd.com,157.05,33.0,15.0,9.0,9.0,1.0,67,8.74,6.92,16.65,21.45,46.25,6.4,7.59,22.01,20.53,43.47,47.6,48.4,33.9,45.6,45.1,12.6,62.8,24.3,38.0,34.0,6.5,0,0,1,0
PPG,"PPG Industries, Inc.",https://logo.clearbit.com/ppg.com,146.74,24.0,9.0,8.0,7.0,1.0,35,2.65,6.62,29.71,25.78,35.25,21.29,13.19,22.86,15.68,26.98,17.3,22.1,3.4,14.3,17.8,0.3,4.3,23.7,22.0,4.8,5.0,0,1,0,1
PPL,PPL Corporation,https://logo.clearbit.com/pplweb.com,28.68,34.0,20.0,8.0,6.0,2.0,20,4.27,6.14,32.21,22.74,34.64,7.8,8.32,17.1,19.45,47.33,6.5,8.3,7.2,7.2,8.7,19.9,8.6,0.4,0.0,3.5,3.7,0,0,1,1
PGR,The Progressive Corporation,https://logo.clearbit.com/progressive.com,92.61,23.0,2.0,10.0,12.0,2.0,24,2,3.41,25.43,25.77,43.39,8.49,10.92,22.02,17.65,40.92,37.8,38.5,35.3,43.1,43.2,21.8,22.6,44.6,41.0,15.7,10.9,0,0,0,1
PRU,"Prudential Financial, Inc.",https://logo.clearbit.com/prudential.com,103.14,17.0,1.0,7.0,9.0,2.0,84,15,15,35,21,13,22,12,27,17,22,75.3,74.1,84.2,76.1,76.7,91.4,91.3,92.2,98.2,95.1,93.3,0,1,1,0
QRVO,"Qorvo, Inc.",https://logo.clearbit.com/qorvo.com,175.3,32.0,16.0,9.0,7.0,0.0,43,2.95,2.3,18.07,31.91,44.81,8.06,10.05,24.71,19.65,37.54,5.3,4.6,7.5,3.5,2.4,27.6,22.3,8.7,32.4,1.7,73.4,0,0,1,1
QCOM,QUALCOMM Incorporated,https://logo.clearbit.com/qualcomm.com,133.6,18.0,6.0,3.0,9.0,4.0,57,2,3,11,23,61,11,5,14,13,57,29.3,32.5,31.6,29.1,28.9,24.3,62.8,42.6,43.7,1.0,22.3,0,0,0,1
REGN,"Regeneron Pharmaceuticals, Inc.",https://logo.clearbit.com/regeneron.com,651.88,21.0,0.0,13.0,7.0,2.0,48,7.64,5.84,19.61,20.96,45.93,5.77,6.62,14.04,12.73,60.84,89.9,92.4,92.9,90.5,89.6,88.9,93.5,81.3,83.1,95.7,81.6,0,1,0,0
RMD,ResMed Inc.,https://logo.clearbit.com/resmed.com,285.95,27.0,4.0,12.0,11.0,1.0,46,3.26,3.03,16.44,33.39,43.88,8.42,4.62,16.64,17.26,53.06,57.7,57.8,57.0,57.4,57.4,30.0,51.3,55.8,57.9,36.7,19.8,1,1,0,0
ROK,"Rockwell Automation, Inc.",https://logo.clearbit.com/rockwellautomation.com,311.55,19.0,6.0,7.0,6.0,1.0,62,10.51,12.92,26.62,23.34,26.62,22.16,13.6,25.1,16.67,22.48,64.6,65.5,69.8,64.2,64.2,91.5,81.5,86.6,66.8,81.9,90.4,1,0,0,0
ROL,"Rollins, Inc.",https://logo.clearbit.com/rollins.com,37.14,20.0,2.0,12.0,7.0,0.0,33,2.22,2.25,7.99,13.23,74.3,8.41,5.19,15.42,17.11,53.87,66.9,66.1,74.3,69.7,69.5,91.5,70.5,74.5,61.0,79.5,80.0,1,0,0,1
SRE,Sempra,https://logo.clearbit.com/sempra.com,133.38,30.0,15.0,9.0,6.0,3.0,48,6.36,5.3,12.97,25.66,49.71,11.13,8.01,18.95,16.83,45.08,95.3,94.6,95.7,96.5,96.8,99.2,62.8,97.5,75.1,98.9,73.4,0,1,0,1
SHW,The Sherwin-Williams Company,https://logo.clearbit.com/sherwin-williams.com,293.74,29.0,12.0,11.0,6.0,2.0,66,7.61,16.83,26.71,24.72,24.14,34.4,14.41,20.34,12.87,17.98,65.6,65.2,70.8,64.3,64.5,85.7,80.8,79.6,62.5,86.6,96.5,1,1,0,0
SNA,Snap-on Incorporated,https://logo.clearbit.com/snapon.com,213.6,31.0,9.0,14.0,8.0,1.0,31,4.16,7.79,32.5,33.48,22.06,12.04,11.19,24.62,18.64,33.52,50.3,48.4,42.2,50.9,51.6,24.5,37.7,18.9,43.8,44.2,73.4,0,0,1,0
SO,The Southern Company,https://logo.clearbit.com/southerncompany.com,64.14,34.0,16.0,11.0,7.0,2.0,56,1.88,5.66,14.43,19.27,58.78,15.91,8.49,17.97,15.11,42.51,75.9,74.6,87.7,82.0,81.2,98.3,70.0,82.7,64.1,87.3,73.4,0,0,0,1
LUV,Southwest Airlines Co.,https://logo.clearbit.com/southwest.com,49.08,31.0,10.0,15.0,6.0,2.0,70,19.15,11.38,18.34,16.48,34.64,9.56,10.49,24.3,18.77,36.87,59.6,59.6,61.2,59.6,59.8,65.6,62.8,68.7,62.5,67.6,84.9,0,0,1,1
STT,State Street Corporation,https://logo.clearbit.com/statestreet.com,84.82,23.0,2.0,12.0,9.0,2.0,46,8.1,5.44,15.55,13.16,57.75,17.09,7.56,14.11,12.36,48.89,51.3,50.5,21.8,46.1,43.2,0.7,33.3,16.1,42.6,0.8,20.6,0,0,1,1
SYK,Stryker Corporation,https://logo.clearbit.com/stryker.com,273.03,31.0,4.0,15.0,12.0,3.0,11,1.61,4.38,25.28,35.81,32.92,8.36,10.86,24.68,20.49,35.6,15.2,13.5,22.2,20.3,19.1,16.6,13.8,6.7,1.4,3.0,13.6,0,1,0,1
SYY,Sysco Corporation,https://logo.clearbit.com/sysco.com,76.09,12.0,2.0,5.0,5.0,2.0,54,3,4,15,27,52,9,9,24,16,42,69.2,67.2,74.1,71.5,68.6,75.8,64.9,70.3,77.6,67.0,96.3,0,0,1,1
TMUS,"T-Mobile US, Inc.",https://logo.clearbit.com/t-mobile.com,128.0,23.0,3.0,13.0,7.0,3.0,40,2,3,12,24,59,7,6,17,18,52,39.3,42.5,14.4,30.0,27.5,15.1,40.3,9.2,27.5,10.3,73.4,0,1,0,1
TGT,Target Corporation,https://logo.clearbit.com/corporate.target.com,246.67,15.0,2.0,8.0,5.0,3.0,48,8,8,20,24,40,24,14,25,15,22,52.8,53.2,34.0,51.1,49.8,14.4,37.9,25.0,14.6,7.9,26.6,0,1,0,0
TER,"Teradyne, Inc.",https://logo.clearbit.com/teradyne.com,121.35,19.0,7.0,6.0,6.0,0.0,7,1.33,2.06,22.63,22.28,51.73,3.44,4.8,9.91,11.6,70.26,13.4,8.8,8.5,8.7,10.2,10.7,1.5,11.5,3.0,2.7,29.0,0,1,0,1
TSLA,"Tesla, Inc.",https://logo.clearbit.com/tesla.com,759.49,30.0,3.0,17.0,10.0,3.0,44,2.34,1.69,5.59,10.75,79.62,7.16,4.59,10.31,7.98,69.96,39.0,45.4,46.8,42.4,38.2,14.7,18.6,42.9,1.4,2.9,13.0,1,0,0,1
TXN,Texas Instruments Incorporated,https://logo.clearbit.com/ti.com,196.25,20.0,9.0,5.0,6.0,2.0,62,9.41,7.01,17.42,25.99,40.16,10.07,12.61,27.41,16.27,33.63,76.6,76.5,81.8,76.6,77.3,78.7,63.9,91.0,74.8,80.4,94.5,0,1,1,0
TXT,Textron Inc.,https://logo.clearbit.com/textron.com,68.46,36.0,10.0,18.0,8.0,2.0,56,9.99,9.28,29.59,22.22,28.91,19.58,11.22,22.31,17.64,29.25,56.5,56.0,47.1,55.8,55.6,5.6,32.0,27.0,47.4,13.9,10.7,0,1,1,0
HSY,The Hershey Company,https://logo.clearbit.com/thehersheycompany.com,175.07,26.0,11.0,10.0,5.0,3.0,15,1.09,2.95,21.03,24.12,50.83,6.38,6.16,19.8,17.86,49.81,44.7,47.9,41.6,46.5,47.0,12.7,39.2,10.4,40.3,34.8,26.5,0,1,0,1
DIS,The Walt Disney Company,https://logo.clearbit.com/thewaltdisneycompany.com,183.47,15.0,0.0,7.0,8.0,2.0,42,5.22,4.74,16.54,29.83,43.67,11.56,8.91,17.03,15.94,46.56,59.2,59.2,59.4,59.0,59.1,76.5,66.5,63.1,64.5,67.3,94.4,0,0,1,1
TJX,"The TJX Companies, Inc.",https://logo.clearbit.com/tjx.com,70.41,15.0,2.0,7.0,6.0,2.0,27,2.99,3.21,18.87,17.81,57.12,7.13,6.16,15.57,11.94,59.21,28.7,23.5,18.6,22.7,25.1,2.2,5.5,5.2,6.0,9.7,20.0,1,0,0,1
TSCO,Tractor Supply Company,https://logo.clearbit.com/tractorsupply.com,207.16,14.0,3.0,7.0,4.0,2.0,8,.68,.77,7.47,16.73,74.38,3.34,3.24,12.55,10.5,70.37,5.2,6.4,3.7,4.4,4.0,10.9,38.3,29.2,30.3,34.7,73.4,1,0,1,0
TSN,"Tyson Foods, Inc.",https://logo.clearbit.com/tysonfoods.com,75.81,37.0,13.0,13.0,10.0,4.0,43,12,11.76,26.29,24.6,25.32,9.89,11.33,31.95,20.72,26.11,9.8,12.0,9.3,9.0,8.6,24.2,46.4,2.5,40.2,3.7,73.4,0,0,1,1
UNP,Union Pacific Corporation,https://logo.clearbit.com/up.com,201.47,25.0,9.0,12.0,4.0,2.0,45,10,11,31,29,20,24,15,31,16,15,25.2,28.4,10.4,28.4,25.5,3.6,5.8,0.1,1.6,10.7,24.5,0,0,1,1
UPS,"United Parcel Service, Inc.",https://logo.clearbit.com/ups.com,190.03,21.0,6.0,9.0,6.0,3.0,39,2.57,1.82,11.68,16.76,67.17,5.11,5.61,17.59,18.51,53.18,59.2,59.1,59.7,59.2,59.2,66.2,62.9,58.9,58.5,61.5,78.6,0,1,0,1
VLO,Valero Energy Corporation,https://logo.clearbit.com/valero.com,65.6,28.0,16.0,7.0,5.0,3.0,56,2.81,2.11,13.04,33.08,48.99,11.58,7.3,18.55,16.88,45.7,98.5,98.6,95.2,98.1,97.2,79.3,62.8,78.3,95.6,92.4,89.7,0,1,1,1
VRSN,"VeriSign, Inc.",https://logo.clearbit.com/verisign.com,218.77,22.0,3.0,13.0,6.0,1.0,46,3.99,3.1,11.89,16.23,64.8,3.39,3.3,8.82,11.17,73.32,24.5,24.7,9.9,21.5,21.4,2.1,62.8,26.1,20.0,6.3,6.7,0,1,0,1
VRTX,Vertex Pharmaceuticals Incorporated,https://logo.clearbit.com/vrtx.com,188.3,25.0,0.0,17.0,8.0,2.0,46,8.9,5.6,16.31,13.27,55.93,17.24,7.63,14,12.15,48.98,5.9,4.6,0.1,2.7,2.0,0.1,2.0,1.1,11.4,0.2,17.1,0,0,0,1
WMT,Walmart Inc.,https://logo.clearbit.com/stock.walmart.com,144.73,27.0,3.0,17.0,7.0,4.0,31,7.9,6.7,27.58,24.66,33.15,10.89,10.42,25.07,18.72,34.89,73.3,72.9,74.5,73.2,73.1,83.9,66.8,83.5,65.9,88.0,84.3,0,0,0,1
WM,"Waste Management, Inc.",https://logo.clearbit.com/wm.com,152.68,15.0,8.0,4.0,4.0,2.0,64,13,11,18,19,39,20,12,21,14,33,29.0,37.5,6.3,24.0,22.4,4.7,4.9,3.1,3.1,3.3,2.4,1,1,0,0
WAT,Waters Corporation,https://logo.clearbit.com/waters.com,396.58,18.0,1.0,11.0,6.0,0.0,15,3.92,5.22,24.58,27.37,38.9,6.65,7,14.85,13.15,58.35,10.6,6.9,12.8,9.1,9.9,1.2,3.4,2.7,7.4,1.1,15.7,0,1,1,0
WFC,Wells Fargo & Company,https://logo.clearbit.com/wellsfargo.com,46.47,33.0,1.0,16.0,16.0,5.0,49,6.11,3.96,10.24,15.82,63.88,13.22,7.2,11.42,8.74,59.42,73.1,66.7,89.2,72.4,75.5,97.1,87.3,68.3,80.8,93.8,73.4,1,0,1,0
WDC,Western Digital Corporation,https://logo.clearbit.com/westerndigital.com,57.92,12.0,2.0,4.0,6.0,1.0,65,5.74,5.97,16.74,29.59,41.97,4.63,3.52,11.76,11.83,68.27,56.8,56.7,56.1,56.5,56.3,40.6,62.8,55.3,27.0,37.2,73.4,0,0,1,1
WHR,Whirlpool Corporation,https://logo.clearbit.com/whirlpoolcorp.com,210.63,18.0,7.0,7.0,5.0,2.0,60,4.87,11.88,28.45,31.24,23.54,23.18,14.07,26.38,15.2,21.16,88.2,92.6,82.2,84.5,81.9,86.1,90.0,98.3,98.5,89.6,93.7,0,0,1,1
XEL,Xcel Energy Inc.,https://logo.clearbit.com/xcelenergy.com,64.0,29.0,16.0,9.0,4.0,1.0,49,8,8,21,24,39,24,14,25,15,21,79.9,79.8,90.4,81.2,82.1,92.6,83.4,90.9,96.9,95.4,86.7,0,1,0,1
XLNX,"Xilinx, Inc.",https://logo.clearbit.com/xilinx.com,153.78,19.0,5.0,6.0,8.0,1.0,36,3,4,15,29,48,5,6,15,14,61,38.2,40.7,38.6,35.8,31.0,1.0,62.8,46.9,25.3,6.1,73.4,0,1,0,1
ZTS,Zoetis Inc.,https://logo.clearbit.com/zoetis.com,198.49,18.0,1.0,8.0,9.0,1.0,34,3,4,22,20,50,3,5,15,16,61,47.1,47.6,33.1,46.1,45.8,38.4,27.1,52.2,28.9,16.7,28.7,1,1,0,0
